Workbook

Sheet Tabelle1
B1: V1 (Serie, lang)
B2: Pflanzen-Nr. | C2: Ablage-Tiefe | D2: Mittelwert | E2: Standartabweichung | F2: Q5 | G2: Q95 | H2: Position Saatgut | I2: Abstand zum vorherigen Saatgut
B3: 1 | C3: -40 | D3: -32.334025 | E3: =_xlfn.STDEV.P($C$3:$C$484) -> 7.3254547 | F3: -20 | G3: -42 | H3: 0
B4: 2 | C4: -40 | D4: -32.334025 | E4: =_xlfn.STDEV.P($C$3:$C$484) -> 7.3254547 | F4: -20 | G4: -42 | H4: 34 | I4: 34
B5: 3 | C5: -40 | D5: -32.334025 | E5: =_xlfn.STDEV.P($C$3:$C$484) -> 7.3254547 | F5: -20 | G5: -42 | H5: 52.7 | I5: 18.7
B6: 4 | C6: -45 | D6: -32.334025 | E6: =_xlfn.STDEV.P($C$3:$C$484) -> 7.3254547 | F6: -20 | G6: -42 | H6: 88.9 | I6: 36.2 | K6: Hier sehen sie Messergebnisse bei denen auf 15 Meter (Insgesamt 482 Pflanzen) die Saatkörner auf die Aussaattiefe bemessen wurden.
B7: 5 | C7: -40 | D7: -32.334025 | E7: =_xlfn.STDEV.P($C$3:$C$484) -> 7.3254547 | F7: -20 | G7: -42 | H7: 98.5 | I7: 9.6
B8: 6 | C8: -40 | D8: -32.334025 | E8: =_xlfn.STDEV.P($C$3:$C$484) -> 7.3254547 | F8: -20 | G8: -42 | H8: 160.6 | I8: 62.1 | K8: Ich versuche jetzt herauszufinden, wie viel Körner ich bemessen muss um ein annähernd belastbares Ergebnis zu bekommen
B9: 7 | C9: -40 | D9: -32.334025 | E9: =_xlfn.STDEV.P($C$3:$C$484) -> 7.3254547 | F9: -20 | G9: -42 | H9: 168.5 | I9: 7.9 | K9: Selbstverständlich ist es umso genauer, wenn ich möglichst viele Körner auf Ablagetiefe messe.
B10: 8 | C10: -30 | D10: -32.334025 | E10: =_xlfn.STDEV.P($C$3:$C$484) -> 7.3254547 | F10: -20 | G10: -42 | H10: 178.9 | I10: 10.4
B11: 9 | C11: -35 | D11: -32.334025 | E11: =_xlfn.STDEV.P($C$3:$C$484) -> 7.3254547 | F11: -20 | G11: -42 | H11: 189.4 | I11: 10.5 | K11: Ich versuche herauszufinden wie hoch die Differenz ist, wenn ich nur 25 Körner bemesse anstatt 50 Körner.
B12: 10 | C12: -33 | D12: -32.334025 | E12: =_xlfn.STDEV.P($C$3:$C$484) -> 7.3254547 | F12: -20 | G12: -42 | H12: 199 | I12: 9.6
B13: 11 | C13: -37 | D13: -32.334025 | E13: =_xlfn.STDEV.P($C$3:$C$484) -> 7.3254547 | F13: -20 | G13: -42 | H13: 208 | I13: 9 | K13: Hierfür bin ich angefangen die Mittelwerte aus 25er Schritten und 50er Schritten zu binden und miteinander zu vergleichen
B14: 12 | C14: -15 | D14: -32.334025 | E14: =_xlfn.STDEV.P($C$3:$C$484) -> 7.3254547 | F14: -20 | G14: -42 | H14: 228.8 | I14: 20.8
B15: 13 | C15: -30 | D15: -32.334025 | E15: =_xlfn.STDEV.P($C$3:$C$484) -> 7.3254547 | F15: -20 | G15: -42 | H15: 292.9 | I15: 64.1
B16: 14 | C16: -35 | D16: -32.334025 | E16: =_xlfn.STDEV.P($C$3:$C$484) -> 7.3254547 | F16: -20 | G16: -42 | H16: 418.6 | I16: 125.7
B17: 15 | C17: -30 | D17: -32.334025 | E17: =_xlfn.STDEV.P($C$3:$C$484) -> 7.3254547 | F17: -20 | G17: -42 | H17: 431.4 | I17: 12.8
B18: 16 | C18: -40 | D18: -32.334025 | E18: =_xlfn.STDEV.P($C$3:$C$484) -> 7.3254547 | F18: -20 | G18: -42 | H18: 454.6 | I18: 23.2
B19: 17 | C19: -30 | D19: -32.334025 | E19: =_xlfn.STDEV.P($C$3:$C$484) -> 7.3254547 | F19: -20 | G19: -42 | H19: 536.1 | I19: 81.5
B20: 18 | C20: -42 | D20: -32.334025 | E20: =_xlfn.STDEV.P($C$3:$C$484) -> 7.3254547 | F20: -20 | G20: -42 | H20: 561.9 | I20: 25.8 | K20: 50er Schritte | M20: Mittelwert | N20: Differenz
B21: 19 | C21: -42 | D21: -32.334025 | E21: =_xlfn.STDEV.P($C$3:$C$484) -> 7.3254547 | F21: -20 | G21: -42 | H21: 565.9 | I21: 4
B22: 20 | C22: -40 | D22: -32.334025 | E22: =_xlfn.STDEV.P($C$3:$C$484) -> 7.3254547 | F22: -20 | G22: -42 | H22: 601.2 | I22: 35.3 | K22: 0-50 | M22: =AVERAGE(Tabelle1!C3:C52) -> -32.98 | N22: =ABS(M22-$D$3) -> 0.6459751
B23: 21 | C23: -30 | D23: -32.334025 | E23: =_xlfn.STDEV.P($C$3:$C$484) -> 7.3254547 | F23: -20 | G23: -42 | H23: 644.7 | I23: 43.5 | K23: 51-100 | M23: =AVERAGE(Tabelle1!C53:C102) -> -32.78 | N23: =ABS(M23-$D$3) -> 0.4459751
B24: 22 | C24: -40 | D24: -32.334025 | E24: =_xlfn.STDEV.P($C$3:$C$484) -> 7.3254547 | F24: -20 | G24: -42 | H24: 688.4 | I24: 43.7 | K24: 101-150 | M24: =AVERAGE(Tabelle1!C103:C152) -> -35.24 | N24: =ABS(M24-$D$3) -> 2.9059751
B25: 23 | C25: -41 | D25: -32.334025 | E25: =_xlfn.STDEV.P($C$3:$C$484) -> 7.3254547 | F25: -20 | G25: -42 | H25: 705 | I25: 16.6 | K25: 151-200 | M25: =AVERAGE(Tabelle1!C153:C202) -> -29.34 | N25: =ABS(M25-$D$3) -> 2.9940249
B26: 24 | C26: -33 | D26: -32.334025 | E26: =_xlfn.STDEV.P($C$3:$C$484) -> 7.3254547 | F26: -20 | G26: -42 | H26: 706.8 | I26: 1.8 | K26: 201-250 | M26: =AVERAGE(Tabelle1!C203:C252) -> -35.3 | N26: =ABS(M26-$D$3) -> 2.9659751
B27: 25 | C27: -35 | D27: -32.334025 | E27: =_xlfn.STDEV.P($C$3:$C$484) -> 7.3254547 | F27: -20 | G27: -42 | H27: 753.2 | I27: 46.4 | K27: 251-300 | M27: =AVERAGE(Tabelle1!C253:C302) -> -32.2 | N27: =ABS(M27-$D$3) -> 0.1340249
B28: 26 | C28: -27 | D28: -32.334025 | E28: =_xlfn.STDEV.P($C$3:$C$484) -> 7.3254547 | F28: -20 | G28: -42 | H28: 768.2 | I28: 15 | K28: 301-350 | M28: =AVERAGE(Tabelle1!C303:C352) -> -28.22 | N28: =ABS(M28-$D$3) -> 4.1140249
B29: 27 | C29: -22 | D29: -32.334025 | E29: =_xlfn.STDEV.P($C$3:$C$484) -> 7.3254547 | F29: -20 | G29: -42 | H29: 849.4 | I29: 81.2 | K29: 351-400 | M29: =AVERAGE(Tabelle1!C353:C402) -> -32.26 | N29: =ABS(M29-$D$3) -> 0.074024896
B30: 28 | C30: -28 | D30: -32.334025 | E30: =_xlfn.STDEV.P($C$3:$C$484) -> 7.3254547 | F30: -20 | G30: -42 | H30: 853.9 | I30: 4.5 | K30: 401-450 | M30: =AVERAGE(Tabelle1!C403:C452) -> -32.14 | N30: =ABS(M30-$D$3) -> 0.1940249
B31: 29 | C31: -35 | D31: -32.334025 | E31: =_xlfn.STDEV.P($C$3:$C$484) -> 7.3254547 | F31: -20 | G31: -42 | H31: 854 | I31: 0.1 | K31: 451-482 | M31: =AVERAGE(Tabelle1!C453:C484) -> -33.1875 | N31: =ABS(M31-$D$3) -> 0.8534751
B32: 30 | C32: -28 | D32: -32.334025 | E32: =_xlfn.STDEV.P($C$3:$C$484) -> 7.3254547 | F32: -20 | G32: -42 | H32: 864.8 | I32: 10.8
B33: 31 | C33: -25 | D33: -32.334025 | E33: =_xlfn.STDEV.P($C$3:$C$484) -> 7.3254547 | F33: -20 | G33: -42 | H33: 899.8 | I33: 35 | M33: Mittelwert | N33: =AVERAGE(N22:N31) -> 1.53275
B34: 32 | C34: -27 | D34: -32.334025 | E34: =_xlfn.STDEV.P($C$3:$C$484) -> 7.3254547 | F34: -20 | G34: -42 | H34: 909.5 | I34: 9.7
B35: 33 | C35: -25 | D35: -32.334025 | E35: =_xlfn.STDEV.P($C$3:$C$484) -> 7.3254547 | F35: -20 | G35: -42 | H35: 936.5 | I35: 27 | K35: 25er Schritte | M35: Mittelwert | N35: Differenz
B36: 34 | C36: -22 | D36: -32.334025 | E36: =_xlfn.STDEV.P($C$3:$C$484) -> 7.3254547 | F36: -20 | G36: -42 | H36: 946.4 | I36: 9.9
B37: 35 | C37: -30 | D37: -32.334025 | E37: =_xlfn.STDEV.P($C$3:$C$484) -> 7.3254547 | F37: -20 | G37: -42 | H37: 991 | I37: 44.6 | K37: 0-25 | M37: =AVERAGE(Tabelle1!C3:C27) -> -36.12 | N37: =ABS(M37-$D$3) -> 3.7859751
B38: 36 | C38: -20 | D38: -32.334025 | E38: =_xlfn.STDEV.P($C$3:$C$484) -> 7.3254547 | F38: -20 | G38: -42 | H38: 1002.8 | I38: 11.8 | K38: 26-51 | M38: =AVERAGE(Tabelle1!C28:C52) -> -29.84 | N38: =ABS(M38-$D$3) -> 2.4940249
B39: 37 | C39: -27 | D39: -32.334025 | E39: =_xlfn.STDEV.P($C$3:$C$484) -> 7.3254547 | F39: -20 | G39: -42 | H39: 1025 | I39: 22.2 | K39: 52-77 | M39: =AVERAGE(Tabelle1!C53:C78) -> -34 | N39: =ABS(M39-$D$3) -> 1.6659751
B40: 38 | C40: -15 | D40: -32.334025 | E40: =_xlfn.STDEV.P($C$3:$C$484) -> 7.3254547 | F40: -20 | G40: -42 | H40: 1117 | I40: 92 | K40: 78-103 | M40: =AVERAGE(Tabelle1!C79:C104) -> -31.153846 | N40: =ABS(M40-$D$3) -> 1.1801787
B41: 39 | C41: -35 | D41: -32.334025 | E41: =_xlfn.STDEV.P($C$3:$C$484) -> 7.3254547 | F41: -20 | G41: -42 | H41: 1154 | I41: 37 | K41: 104-128 | M41: =AVERAGE(Tabelle1!C105:C130) -> -35.115385 | N41: =ABS(M41-$D$3) -> 2.7813597
B42: 40 | C42: -35 | D42: -32.334025 | E42: =_xlfn.STDEV.P($C$3:$C$484) -> 7.3254547 | F42: -20 | G42: -42 | H42: 1161.4 | I42: 7.4 | K42: 129-154 | M42: =AVERAGE(Tabelle1!C131:C156) -> -35.653846 | N42: =ABS(M42-$D$3) -> 3.3198213
B43: 41 | C43: -31 | D43: -32.334025 | E43: =_xlfn.STDEV.P($C$3:$C$484) -> 7.3254547 | F43: -20 | G43: -42 | H43: 1193.6 | I43: 32.2 | K43: 155-180 | M43: =AVERAGE(Tabelle1!C157:C182) -> -31.961538 | N43: =ABS(M43-$D$3) -> 0.37248643
B44: 42 | C44: -30 | D44: -32.334025 | E44: =_xlfn.STDEV.P($C$3:$C$484) -> 7.3254547 | F44: -20 | G44: -42 | H44: 1212.5 | I44: 18.9 | K44: 181-206 | M44: =AVERAGE(Tabelle1!C183:C208) -> -26.884615 | N44: =ABS(M44-$D$3) -> 5.4494095
B45: 43 | C45: -31 | D45: -32.334025 | E45: =_xlfn.STDEV.P($C$3:$C$484) -> 7.3254547 | F45: -20 | G45: -42 | H45: 1313.9 | I45: 101.4 | K45: 207-232 | M45: =AVERAGE(Tabelle1!C209:C234) -> -35.923077 | N45: =ABS(M45-$D$3) -> 3.589052
B46: 44 | C46: -30 | D46: -32.334025 | E46: =_xlfn.STDEV.P($C$3:$C$484) -> 7.3254547 | F46: -20 | G46: -42 | H46: 1385.9 | I46: 72 | K46: 233-258 | M46: =AVERAGE(Tabelle1!C235:C260) -> -35.461538 | N46: =ABS(M46-$D$3) -> 3.1275136
B47: 45 | C47: -40 | D47: -32.334025 | E47: =_xlfn.STDEV.P($C$3:$C$484) -> 7.3254547 | F47: -20 | G47: -42 | H47: 1390.3 | I47: 4.4 | K47: 259-284 | M47: =AVERAGE(Tabelle1!C261:C286) -> -30.846154 | N47: =ABS(M47-$D$3) -> 1.4878711
B48: 46 | C48: -37 | D48: -32.334025 | E48: =_xlfn.STDEV.P($C$3:$C$484) -> 7.3254547 | F48: -20 | G48: -42 | H48: 1441.8 | I48: 51.5 | K48: 285-310 | M48: =AVERAGE(Tabelle1!C287:C312) -> -30.576923 | N48: =ABS(M48-$D$3) -> 1.7571018
B49: 47 | C49: -30 | D49: -32.334025 | E49: =_xlfn.STDEV.P($C$3:$C$484) -> 7.3254547 | F49: -20 | G49: -42 | H49: 1448.3 | I49: 6.5 | K49: 311-336 | M49: =AVERAGE(Tabelle1!C313:C338) -> -28.538462 | N49: =ABS(M49-$D$3) -> 3.7955634
B50: 48 | C50: -40 | D50: -32.334025 | E50: =_xlfn.STDEV.P($C$3:$C$484) -> 7.3254547 | F50: -20 | G50: -42 | H50: 1454.9 | I50: 6.6 | K50: 337-362 | M50: =AVERAGE(Tabelle1!C339:C364) -> -31.653846 | N50: =ABS(M50-$D$3) -> 0.68017874
B51: 49 | C51: -36 | D51: -32.334025 | E51: =_xlfn.STDEV.P($C$3:$C$484) -> 7.3254547 | F51: -20 | G51: -42 | H51: 1457.9 | I51: 3 | K51: 363-388 | M51: =AVERAGE(Tabelle1!C365:C390) -> -31.576923 | N51: =ABS(M51-$D$3) -> 0.75710182
B52: 50 | C52: -40 | D52: -32.334025 | E52: =_xlfn.STDEV.P($C$3:$C$484) -> 7.3254547 | F52: -20 | G52: -42 | H52: 1466.4 | I52: 8.5 | K52: 389-414 | M52: =AVERAGE(Tabelle1!C391:C416) -> -31.153846 | N52: =ABS(M52-$D$3) -> 1.1801787
B53: 51 | C53: -22 | D53: -32.334025 | E53: =_xlfn.STDEV.P($C$3:$C$484) -> 7.3254547 | F53: -20 | G53: -42 | H53: 1490 | I53: 23.6 | K53: 415-440 | M53: =AVERAGE(Tabelle1!C416:C442) -> -32.407407 | N53: =ABS(M53-$D$3) -> 0.073382511
B54: 52 | C54: -38 | D54: -32.334025 | E54: =_xlfn.STDEV.P($C$3:$C$484) -> 7.3254547 | F54: -20 | G54: -42 | H54: 1549.1 | I54: 59.1 | K54: 441-446 | M54: =AVERAGE(Tabelle1!C443:C468) -> -32.076923 | N54: =ABS(M54-$D$3) -> 0.25710182
B55: 53 | C55: -35 | D55: -32.334025 | E55: =_xlfn.STDEV.P($C$3:$C$484) -> 7.3254547 | F55: -20 | G55: -42 | H55: 1612 | I55: 62.9 | K55: 447-472 | M55: =AVERAGE(Tabelle1!C469:C494) -> -34 | N55: =ABS(M55-$D$3) -> 1.6659751
B56: 54 | C56: -30 | D56: -32.334025 | E56: =_xlfn.STDEV.P($C$3:$C$484) -> 7.3254547 | F56: -20 | G56: -42 | H56: 1617.6 | I56: 5.6
B57: 55 | C57: -28 | D57: -32.334025 | E57: =_xlfn.STDEV.P($C$3:$C$484) -> 7.3254547 | F57: -20 | G57: -42 | H57: 1648.4 | I57: 30.8 | M57: Mittelwert | N57: =AVERAGE(N37:N55) -> 2.0747501
B58: 56 | C58: -30 | D58: -32.334025 | E58: =_xlfn.STDEV.P($C$3:$C$484) -> 7.3254547 | F58: -20 | G58: -42 | H58: 1652.7 | I58: 4.3
B59: 57 | C59: -40 | D59: -32.334025 | E59: =_xlfn.STDEV.P($C$3:$C$484) -> 7.3254547 | F59: -20 | G59: -42 | H59: 1686.1 | I59: 33.4
B60: 58 | C60: -35 | D60: -32.334025 | E60: =_xlfn.STDEV.P($C$3:$C$484) -> 7.3254547 | F60: -20 | G60: -42 | H60: 1691.1 | I60: 5
B61: 59 | C61: -30 | D61: -32.334025 | E61: =_xlfn.STDEV.P($C$3:$C$484) -> 7.3254547 | F61: -20 | G61: -42 | H61: 1694.2 | I61: 3.1 | K61: Abweichung der Beiden Verfahren:
B62: 60 | C62: -21 | D62: -32.334025 | E62: =_xlfn.STDEV.P($C$3:$C$484) -> 7.3254547 | F62: -20 | G62: -42 | H62: 1701.9 | I62: 7.7
B63: 61 | C63: -20 | D63: -32.334025 | E63: =_xlfn.STDEV.P($C$3:$C$484) -> 7.3254547 | F63: -20 | G63: -42 | H63: 1709.7 | I63: 7.8 | K63: Die Genauigkeit sinkt um | M63: =100-(N33*100)/N57 -> 26.123632 | N63: wenn statt 50 Pflanzen nur noch 25 Pflanzen untersucht werden
B64: 62 | C64: -30 | D64: -32.334025 | E64: =_xlfn.STDEV.P($C$3:$C$484) -> 7.3254547 | F64: -20 | G64: -42 | H64: 1714.6 | I64: 4.9
B65: 63 | C65: -30 | D65: -32.334025 | E65: =_xlfn.STDEV.P($C$3:$C$484) -> 7.3254547 | F65: -20 | G65: -42 | H65: 1721.5 | I65: 6.9
B66: 64 | C66: -35 | D66: -32.334025 | E66: =_xlfn.STDEV.P($C$3:$C$484) -> 7.3254547 | F66: -20 | G66: -42 | H66: 1776.8 | I66: 55.3
B67: 65 | C67: -40 | D67: -32.334025 | E67: =_xlfn.STDEV.P($C$3:$C$484) -> 7.3254547 | F67: -20 | G67: -42 | H67: 1784.5 | I67: 7.7 | K67: Meine Frage an sie ist, ob man dieses Problem so lösen kann oder ob ich anders Vorgehen muss.
B68: 66 | C68: -35 | D68: -32.334025 | E68: =_xlfn.STDEV.P($C$3:$C$484) -> 7.3254547 | F68: -20 | G68: -42 | H68: 1806.9 | I68: 22.4 | K68: Haben sie einen anderen Ansatz der Zielführender ist ?
B69: 67 | C69: -40 | D69: -32.334025 | E69: =_xlfn.STDEV.P($C$3:$C$484) -> 7.3254547 | F69: -20 | G69: -42 | H69: 1832.1 | I69: 25.2
B70: 68 | C70: -41 | D70: -32.334025 | E70: =_xlfn.STDEV.P($C$3:$C$484) -> 7.3254547 | F70: -20 | G70: -42 | H70: 1833.1 | I70: 1 | K70: Ich würde mich über eine kurze Rückmeldung freuen, sie dürfen diese Datei gerne bearbeiten.
B71: 69 | C71: -55 | D71: -32.334025 | E71: =_xlfn.STDEV.P($C$3:$C$484) -> 7.3254547 | F71: -20 | G71: -42 | H71: 1837.9 | I71: 4.8
B72: 70 | C72: -35 | D72: -32.334025 | E72: =_xlfn.STDEV.P($C$3:$C$484) -> 7.3254547 | F72: -20 | G72: -42 | H72: 1841.6 | I72: 3.7 | K72: Mit freundlichen Grüßen
B73: 71 | C73: -35 | D73: -32.334025 | E73: =_xlfn.STDEV.P($C$3:$C$484) -> 7.3254547 | F73: -20 | G73: -42 | H73: 1849.8 | I73: 8.2
B74: 72 | C74: -36 | D74: -32.334025 | E74: =_xlfn.STDEV.P($C$3:$C$484) -> 7.3254547 | F74: -20 | G74: -42 | H74: 1852.2 | I74: 2.4 | K74: Malte Buddenberg
B75: 73 | C75: -33 | D75: -32.334025 | E75: =_xlfn.STDEV.P($C$3:$C$484) -> 7.3254547 | F75: -20 | G75: -42 | H75: 1862.1 | I75: 9.9
B76: 74 | C76: -40 | D76: -32.334025 | E76: =_xlfn.STDEV.P($C$3:$C$484) -> 7.3254547 | F76: -20 | G76: -42 | H76: 1877.3 | I76: 15.2
B77: 75 | C77: -30 | D77: -32.334025 | E77: =_xlfn.STDEV.P($C$3:$C$484) -> 7.3254547 | F77: -20 | G77: -42 | H77: 1948.3 | I77: 71
B78: 76 | C78: -40 | D78: -32.334025 | E78: =_xlfn.STDEV.P($C$3:$C$484) -> 7.3254547 | F78: -20 | G78: -42 | H78: 1982.5 | I78: 34.2
B79: 77 | C79: -40 | D79: -32.334025 | E79: =_xlfn.STDEV.P($C$3:$C$484) -> 7.3254547 | F79: -20 | G79: -42 | H79: 2037.5 | I79: 55
B80: 78 | C80: -40 | D80: -32.334025 | E80: =_xlfn.STDEV.P($C$3:$C$484) -> 7.3254547 | F80: -20 | G80: -42 | H80: 2061.8 | I80: 24.3
B81: 79 | C81: -45 | D81: -32.334025 | E81: =_xlfn.STDEV.P($C$3:$C$484) -> 7.3254547 | F81: -20 | G81: -42 | H81: 2068 | I81: 6.2
B82: 80 | C82: -40 | D82: -32.334025 | E82: =_xlfn.STDEV.P($C$3:$C$484) -> 7.3254547 | F82: -20 | G82: -42 | H82: 2109.8 | I82: 41.8
B83: 81 | C83: -30 | D83: -32.334025 | E83: =_xlfn.STDEV.P($C$3:$C$484) -> 7.3254547 | F83: -20 | G83: -42 | H83: 2188.8 | I83: 79
B84: 82 | C84: -30 | D84: -32.334025 | E84: =_xlfn.STDEV.P($C$3:$C$484) -> 7.3254547 | F84: -20 | G84: -42 | H84: 2313.8 | I84: 125
B85: 83 | C85: -33 | D85: -32.334025 | E85: =_xlfn.STDEV.P($C$3:$C$484) -> 7.3254547 | F85: -20 | G85: -42 | H85: 2361.4 | I85: 47.6
B86: 84 | C86: -35 | D86: -32.334025 | E86: =_xlfn.STDEV.P($C$3:$C$484) -> 7.3254547 | F86: -20 | G86: -42 | H86: 2363.2 | I86: 1.8
... B484: 482 | C484: -40 | D484: -32.334025 | E484: =_xlfn.STDEV.P($C$3:$C$484) -> 7.3254547 | F484: -20 | G484: -42 | H484: 15166 | I484: 5
